,Breach ID,State,Year,Full Date
1054,725,TX,2012,2012-12-27
1053,438,CA,2011,2011-12-22
1052,818,MO,2009,2009-12-21
1050,676,MA,2012,2012-12-15
1049,638,CA,2012,2012-12-10
1048,457,OR,2011,2011-12-01
1047,442,IN,2010,2010-12-01
1046,857,FL,2010,2010-11-26
1045,436,NH,2011,2011-11-19
1044,493,NY,2011,2011-11-15
1043,791,IN,2011,2011-11-09
1042,656,NY,2012,2012-11-06
1041,882,PA,2012,2012-11-05
1040,600,LA,2011,2011-11-04
1039,716,NY,2012,2012-11-02
1038,440,VA,2011,2011-11-02
1037,682,FL,2012,2012-11-01
1036,707,MS,2012,2012-11-01
1035,679,FL,2012,2012-11-01
1034,703,IN,2011,2011-11-01
1033,702,IN,2011,2011-11-01
1032,701,IN,2011,2011-11-01
1031,673,WI,2012,2012-10-27
1030,637,AZ,2012,2012-10-20
1029,653,MA,2012,2012-10-18
1028,643,MA,2012,2012-10-18
1027,793,MO,2011,2011-10-16
1026,425,WA,2011,2011-10-14
1025,631,AR,2012,2012-10-13
1024,633,AR,2012,2012-10-13
1023,632,AR,2012,2012-10-13
1022,630,NY,2012,2012-10-12
1021,844,FL,2012,2012-10-01
1020,845,VA,2012,2012-10-01
1019,704,FL,2012,2012-10-01
1018,780,CA,2011,2011-10-01
1017,524,OH,2010,2010-10-01
1016,618,CA,2012,2012-09-28
1015,455,CA,2009,2009-09-23
1014,412,KS,2011,2011-09-20
1013,610,GA,2012,2012-09-19
1012,889,IL,2013,2013-09-18
1011,894,CA,2013,2013-09-17
1010,604,CA,2012,2012-09-17
1009,869,NC,2012,2012-09-17
1008,664,TX,2012,2012-09-15
1007,822,CA,2013,2013-09-14
1006,886,IL,2013,2013-09-13
1005,897,VA,2013,2013-09-09
1004,607,NM,2012,2012-09-07
1003,776,CA,2012,2012-09-01
1002,890,TX,2005,2005-09-01
1001,636,NY,2012,2012-08-31
1000,574,NV,2011,2011-08-19
999,779,TX,2005,2005-08-15
998,536,NY,2009,2009-08-13
997,824,OH,2013,2013-08-08
996,778,MO,2012,2012-08-01
995,494,FL,2011,2011-08-01
994,584,MO,2012,2012-07-31
993,526,GA,2010,2010-07-26
992,801,TX,2013,2013-07-22
991,562,CA,2012,2012-07-15
990,841,IL,2013,2013-07-03
989,817,CA,2013,2013-07-01
988,480,NC,2008,2008-07-01
987,814,IL,2013,2013-06-30
986,813,IL,2013,2013-06-30
985,840,CO,2013,2013-06-28
984,518,MN,2011,2011-06-28
983,553,IL,2012,2012-06-22
982,884,IL,2013,2013-06-18
981,629,MA,2012,2012-06-15
980,625,FL,2012,2012-06-15
979,623,GA,2012,2012-06-15
978,615,KY,2012,2012-06-15
977,612,FL,2012,2012-06-15
976,620,TN,2012,2012-06-15
975,619,FL,2012,2012-06-15
974,614,FL,2012,2012-06-15
973,697,CT,2010,2010-06-07
972,554,IN,2012,2012-06-01
971,744,PA,2012,2012-06-01
970,663,WI,2012,2012-05-30
969,674,FL,2011,2011-05-26
968,768,FL,2013,2013-05-25
967,777,WY,2013,2013-05-21
966,788,TX,2013,2013-05-07
965,789,TN,2013,2013-05-05
964,802,CA,2013,2013-05-05
963,537,FL,2012,2012-05-03
962,713,FL,2012,2012-05-02
961,763,TX,2013,2013-05-01
960,858,PA,2013,2013-05-01
959,762,NE,2013,2013-05-01
958,628,TX,2012,2012-05-01
957,534,FL,2012,2012-05-01
956,592,NJ,2011,2011-05-01
955,519,CA,2012,2012-04-21
954,520,NC,2004,2004-04-21
953,488,CA,2012,2012-04-20
952,748,AL,2013,2013-04-14
951,743,OH,2013,2013-04-14
950,564,TX,2008,2008-04-14
949,919,OH,2013,2013-04-13
948,765,IN,2013,2013-04-06
947,767,CA,2013,2013-04-01
946,530,WA,2012,2012-03-29
945,774,MN,2013,2013-03-28
944,525,CA,2012,2012-03-23
943,752,OH,2013,2013-03-20
942,830,PA,2013,2013-03-18
941,731,AZ,2013,2013-03-18
940,531,TN,2012,2012-03-16
939,543,TX,2012,2012-03-16
938,506,TX,2011,2011-03-15
937,745,IN,2013,2013-03-14
936,712,CA,2013,2013-03-11
935,626,NC,2012,2012-03-11
934,491,UT,2012,2012-03-10
933,932,OH,2013,2013-03-09
932,759,FL,2013,2013-03-08
931,891,FL,2013,2013-03-06
929,734,TX,2013,2013-03-01
928,714,FL,2009,2009-03-01
927,510,TX,2012,2012-02-22
926,497,GA,2012,2012-02-07
925,512,IA,2012,2012-02-06
924,827,IA,2013,2013-02-01
923,751,FL,2012,2012-02-01
922,502,SC,2012,2012-01-31
921,706,MA,2013,2013-01-18
920,479,MA,2012,2012-01-17
919,695,UT,2013,2013-01-10
918,681,GA,2012,2012-01-09
917,798,FL,2013,2013-01-08
916,648,MA,2010,2010-01-02
915,872,AZ,2013,2013-01-01
914,599,FL,2012,2012-01-01
913,784,OR,2011,2011-01-01
912,567,FL,2011,2011-01-01
911,912,WA,2010,2010-01-01
910,655,MA,2007,2007-01-01
909,815,NY,2006,2006-01-01
908,1052,CA,2014,2014-06-02
907,1049,GA,2014,2014-05-30
906,1054,CA,2014,2014-05-27
905,1053,MI,2014,2014-05-13
904,1045,PA,2014,2014-04-19
903,1016,MA,2014,2014-04-10
902,1044,KS,2014,2014-04-08
901,1028,OH,2014,2014-04-04
900,1043,CT,2014,2014-04-02
899,1039,KY,2014,2014-04-02
898,1038,NH,2014,2014-03-26
897,1004,CA,2014,2014-03-25
896,1018,NY,2014,2014-03-19
895,1032,CA,2014,2014-03-18
894,1033,TX,2014,2014-03-13
893,1000,CT,2014,2014-03-05
892,1011,ID,2014,2014-03-04
891,1048,IL,2014,2014-03-03
890,1017,MD,2014,2014-03-03
889,1010,IA,2014,2014-02-28
888,1025,IA,2014,2014-02-26
887,1006,MS,2014,2014-02-23
886,1013,PA,2014,2014-02-21
885,987,CA,2014,2014-02-21
884,960,AZ,2014,2014-02-21
883,1019,UT,2014,2014-02-20
882,1009,OH,2014,2014-02-18
881,1012,MD,2014,2014-02-17
880,1037,MI,2014,2014-02-15
879,1008,CA,2014,2014-02-14
878,1051,FL,2014,2014-02-11
877,1014,CO,2014,2014-02-11
876,991,IL,2014,2014-02-10
875,1024,IN,2014,2014-02-09
874,999,KS,2014,2014-02-06
873,997,CA,2014,2014-02-05
872,979,CA,2014,2014-02-05
871,964,CA,2014,2014-02-05
870,980,KY,2014,2014-02-04
869,1034,NJ,2014,2014-02-02
868,992,TX,2014,2014-02-02
867,996,MI,2014,2014-01-30
866,983,VA,2014,2014-01-30
865,982,FL,2014,2014-01-28
864,1023,TX,2014,2014-01-23
863,1022,TX,2014,2014-01-23
862,1021,TX,2014,2014-01-23
861,1020,TX,2014,2014-01-23
860,986,WA,2014,2014-01-15
859,985,KY,2014,2014-01-15
858,969,TX,2014,2014-01-13
857,967,CA,2014,2014-01-11
856,941,NY,2014,2014-01-10
855,972,TX,2014,2014-01-09
854,956,TX,2014,2014-01-05
853,939,IL,2014,2014-01-04
852,971,AZ,2013,2013-12-31
851,955,NC,2013,2013-12-31
850,914,NC,2013,2013-12-30
849,957,AR,2013,2013-12-27
848,934,CT,2013,2013-12-27
847,950,NJ,2013,2013-12-23
846,946,IN,2013,2013-12-23
845,944,OH,2013,2013-12-17
844,959,TX,2013,2013-12-16
843,928,TX,2013,2013-12-16
842,904,CA,2013,2013-12-16
841,945,CA,2013,2013-12-13
840,936,KS,2013,2013-12-12
839,925,WI,2013,2013-12-12
838,989,TX,2013,2013-12-10
837,930,CA,2013,2013-12-10
836,672,CA,2013,2013-12-07
835,931,GA,2013,2013-12-06
834,984,PA,2013,2013-12-05
833,938,NY,2013,2013-12-02
832,926,TX,2013,2013-12-02
831,1007,MD,2013,2013-11-27
830,913,PA,2013,2013-11-26
829,905,MA,2013,2013-11-25
828,915,CA,2013,2013-11-23
827,881,WA,2013,2013-11-22
826,909,CO,2013,2013-11-21
825,1046,CA,2013,2013-11-20
824,953,OH,2013,2013-11-18
823,933,TN,2013,2013-11-18
822,917,VA,2013,2013-11-15
821,990,FL,2013,2013-11-13
820,966,PA,2013,2013-11-13
819,908,NM,2013,2013-11-13
818,918,IL,2013,2013-11-12
817,870,ND,2013,2013-11-10
816,899,MT,2013,2013-11-08
815,887,GA,2013,2013-11-06
814,878,CA,2013,2013-11-06
813,911,GA,2013,2013-11-05
812,935,MI,2013,2013-11-02
811,910,NJ,2013,2013-11-01
810,906,NC,2013,2013-11-01
809,954,OH,2013,2013-10-30
808,907,FL,2013,2013-10-30
807,859,SC,2013,2013-10-28
806,998,IL,2013,2013-10-22
805,877,WI,2013,2013-10-22
804,901,TN,2013,2013-10-21
803,896,NJ,2013,2013-10-18
802,924,OH,2013,2013-10-16
801,902,PA,2013,2013-10-16
800,900,SC,2013,2013-10-16
799,898,WY,2013,2013-10-16
798,893,KY,2013,2013-10-15
797,865,NC,2013,2013-10-14
796,880,IN,2013,2013-10-13
795,854,CA,2013,2013-10-12
794,895,NE,2013,2013-10-11
793,892,GA,2013,2013-10-10
792,888,GA,2013,2013-10-08
791,885,IL,2013,2013-10-08
790,860,TX,2013,2013-10-04
789,848,TX,2013,2013-10-04
788,883,WA,2013,2013-10-02
787,903,TX,2013,2013-10-01
786,826,NJ,2013,2013-10-01
785,875,MI,2013,2013-09-27
784,874,FL,2013,2013-09-27
783,876,GA,2013,2013-09-26
782,958,CA,2013,2013-09-25
781,879,CA,2013,2013-09-25
780,863,NJ,2013,2013-09-24
776,916,MS,2013,2013-09-20
773,856,FL,2013,2013-09-19
772,842,VT,2013,2013-09-18
771,831,WA,2013,2013-09-16
770,1047,PA,2013,2013-09-13
769,970,CO,2013,2013-09-11
768,829,CA,2013,2013-09-09
767,864,CO,2013,2013-09-06
766,828,GA,2013,2013-09-05
765,862,CO,2013,2013-09-04
764,816,FL,2013,2013-09-04
763,927,DE,2013,2013-09-02
762,861,PA,2013,2013-08-30
761,855,TX,2013,2013-08-30
760,853,WI,2013,2013-08-27
759,823,CO,2013,2013-08-27
758,839,IN,2013,2013-08-23
757,962,AL,2013,2013-08-22
756,961,AL,2013,2013-08-22
755,923,AL,2013,2013-08-22
754,847,TX,2013,2013-08-22
753,940,WA,2013,2013-08-19
751,1002,MO,2013,2013-08-16
750,819,FL,2013,2013-08-14
749,866,NC,2013,2013-08-13
748,871,MD,2013,2013-08-09
747,832,PA,2013,2013-08-07
746,834,NY,2013,2013-08-06
745,833,NC,2013,2013-08-05
744,825,TN,2013,2013-08-04
743,835,WI,2013,2013-08-03
742,821,OH,2013,2013-08-03
741,873,NY,2013,2013-08-01
740,846,NY,2013,2013-08-01
739,805,CO,2013,2013-08-01
738,820,VA,2013,2013-07-29
737,804,MO,2013,2013-07-29
736,851,MO,2013,2013-07-25
735,836,MO,2013,2013-07-25
734,806,MO,2013,2013-07-22
733,800,CO,2013,2013-07-22
732,799,IL,2013,2013-07-15
731,803,GA,2013,2013-07-12
730,981,MT,2013,2013-07-11
729,809,IL,2013,2013-07-09
728,852,CA,2013,2013-07-08
727,837,SC,2013,2013-06-30
726,942,FL,2013,2013-06-27
725,770,NC,2013,2013-06-25
724,795,CA,2013,2013-06-19
723,808,CA,2013,2013-06-17
722,796,TX,2013,2013-06-16
721,794,TN,2013,2013-06-15
720,790,OH,2013,2013-06-12
719,785,CO,2013,2013-06-11
718,786,CA,2013,2013-06-05
717,1026,AL,2013,2013-06-03
716,965,CA,2013,2013-05-31
715,769,OH,2013,2013-05-29
714,929,CA,2013,2013-05-28
713,782,NY,2013,2013-05-24
712,766,VA,2013,2013-05-20
711,758,MO,2013,2013-05-17
710,812,SC,2013,2013-05-15
709,773,PA,2013,2013-05-13
708,742,NY,2013,2013-05-13
707,775,TX,2013,2013-05-11
706,811,TN,2013,2013-05-10
705,764,GA,2013,2013-05-09
703,772,IL,2013,2013-05-08
702,755,CA,2013,2013-05-08
701,749,NY,2013,2013-05-07
700,761,IA,2013,2013-04-30
699,760,FL,2013,2013-04-25
698,757,OR,2013,2013-04-17
697,756,NC,2013,2013-04-17
696,781,FL,2013,2013-04-16
695,787,AR,2013,2013-04-14
694,747,AR,2013,2013-04-14
693,792,IN,2013,2013-04-11
692,741,IN,2013,2013-04-09
691,1041,OH,2013,2013-04-01
690,738,NC,2013,2013-04-01
689,740,NC,2013,2013-03-28
688,726,UT,2013,2013-03-28
687,728,PA,2013,2013-03-20
686,937,NY,2013,2013-03-19
685,746,IN,2013,2013-03-19
684,732,OH,2013,2013-03-19
683,715,IL,2013,2013-03-17
682,807,OR,2013,2013-03-15
681,730,NC,2013,2013-03-15
680,723,IN,2013,2013-03-14
679,718,TX,2013,2013-03-10
678,1003,TN,2013,2013-03-07
677,736,WA,2013,2013-03-07
676,988,UT,2013,2013-03-06
675,739,TN,2013,2013-03-05
674,727,UT,2013,2013-02-27
673,693,ME,2013,2013-02-27
672,717,NC,2013,2013-02-24
671,722,OR,2013,2013-02-22
670,724,NY,2013,2013-02-21
669,721,MO,2013,2013-02-20
668,709,TX,2013,2013-02-18
667,733,NY,2013,2013-02-15
666,750,CA,2013,2013-02-14
665,705,OR,2013,2013-02-12
664,720,SC,2013,2013-02-11
663,943,PA,2013,2013-02-06
662,692,PA,2013,2013-02-05
661,737,TN,2013,2013-02-04
660,711,WA,2013,2013-02-04
659,710,RI,2013,2013-02-01
658,696,OH,2013,2013-02-01
657,668,NC,2013,2013-02-01
656,671,MD,2013,2013-01-22
655,669,FL,2013,2013-01-19
654,708,UT,2013,2013-01-17
653,729,NC,2013,2013-01-15
652,686,CA,2013,2013-01-12
651,699,FL,2013,2013-01-08
650,698,FL,2013,2013-01-08
649,754,FL,2013,2013-01-07
648,678,GA,2013,2013-01-04
647,700,MD,2013,2013-01-03
646,687,GA,2013,2013-01-02
645,665,IL,2013,2013-01-02
644,1015,FL,2013,2013-01-01
641,952,VA,2013,2013-01-01
640,685,CA,2012,2012-12-28
639,683,SD,2012,2012-12-24
638,680,NM,2012,2012-12-20
637,677,MO,2012,2012-12-14
636,670,GA,2012,2012-12-13
635,666,AL,2012,2012-12-06
634,659,PA,2012,2012-12-03
633,654,LA,2012,2012-12-03
632,635,OH,2012,2012-12-02
631,657,MO,2012,2012-11-28
630,661,NY,2012,2012-11-27
629,640,IN,2012,2012-11-27
628,684,AZ,2012,2012-11-21
627,675,MD,2012,2012-11-18
626,658,MD,2012,2012-11-18
625,650,MD,2012,2012-11-16
624,642,KY,2012,2012-11-15
623,652,NJ,2012,2012-11-14
622,644,VA,2012,2012-11-14
621,634,MI,2012,2012-11-14
620,646,NY,2012,2012-11-13
619,694,CA,2012,2012-11-10
618,735,CA,2012,2012-11-07
617,647,CA,2012,2012-11-04
616,613,OH,2012,2012-11-02
615,651,AZ,2012,2012-10-31
614,753,MA,2012,2012-10-22
613,609,IN,2012,2012-10-19
612,608,MA,2012,2012-10-16
611,667,TN,2012,2012-10-11
610,649,NV,2012,2012-10-11
609,641,NJ,2012,2012-10-10
608,611,CT,2012,2012-10-07
607,624,VA,2012,2012-10-05
606,617,NC,2012,2012-10-04
605,590,GA,2012,2012-10-04
604,622,RI,2012,2012-10-01
603,621,CA,2012,2012-10-01
601,603,TX,2012,2012-09-25
600,606,CT,2012,2012-09-24
599,589,CA,2012,2012-09-23
598,689,NY,2012,2012-09-21
597,597,NY,2012,2012-09-18
596,594,PA,2012,2012-09-17
595,591,CA,2012,2012-09-15
594,690,IL,2012,2012-09-13
593,616,IL,2012,2012-09-13
592,601,RI,2012,2012-09-13
591,968,MI,2012,2012-09-07
590,581,NY,2012,2012-09-02
589,598,IL,2012,2012-08-31
588,596,OH,2012,2012-08-29
587,573,GA,2012,2012-08-26
586,588,TN,2012,2012-08-25
585,593,IN,2012,2012-08-24
584,571,FL,2012,2012-08-18
583,587,FL,2012,2012-08-17
582,586,KY,2012,2012-08-15
581,595,RI,2012,2012-08-13
580,688,NY,2012,2012-08-11
579,568,PA,2012,2012-08-04
578,570,IL,2012,2012-07-31
577,575,WA,2012,2012-07-24
576,582,CA,2012,2012-07-22
575,583,KY,2012,2012-07-20
574,580,CT,2012,2012-07-19
573,572,IN,2012,2012-07-19
572,576,FL,2012,2012-07-18
571,579,AR,2012,2012-07-16
570,578,VA,2012,2012-07-15
569,569,TX,2012,2012-07-13
568,557,IL,2012,2012-07-05
567,561,OR,2012,2012-07-04
566,566,CA,2012,2012-07-03
565,1030,KY,2012,2012-06-27
564,559,CT,2012,2012-06-25
563,558,CT,2012,2012-06-25
562,542,TX,2012,2012-06-16
561,585,CA,2012,2012-06-14
560,556,IL,2012,2012-06-11
559,544,IL,2012,2012-05-31
558,555,AZ,2012,2012-05-28
557,547,IA,2012,2012-05-27
556,551,NY,2012,2012-05-22
555,550,MA,2012,2012-05-22
554,645,TX,2012,2012-05-21
553,577,NM,2012,2012-05-21
552,548,OR,2012,2012-05-17
551,549,NC,2012,2012-05-16
550,546,CA,2012,2012-05-12
549,545,CA,2012,2012-05-12
548,563,IN,2012,2012-05-10
547,560,IN,2012,2012-05-10
546,552,IN,2012,2012-05-10
545,973,NY,2012,2012-05-09
544,951,TN,2012,2012-05-08
543,515,CA,2012,2012-05-07
542,602,CO,2012,2012-05-01
541,538,KY,2012,2012-05-01
540,662,TX,2012,2012-04-30
539,539,KY,2012,2012-04-24
538,501,FL,2012,2012-04-23
537,541,NC,2012,2012-04-22
536,540,MT,2012,2012-04-22
535,948,CA,2012,2012-04-16
534,535,OR,2012,2012-04-16
533,503,OR,2012,2012-04-13
532,499,CA,2012,2012-04-12
531,492,IN,2012,2012-04-11
530,507,MI,2012,2012-04-09
529,533,IN,2012,2012-04-06
528,1001,VA,2012,2012-04-01
527,532,GA,2012,2012-03-30
526,514,MN,2012,2012-03-30
525,513,MO,2012,2012-03-30
524,949,MN,2012,2012-03-29
523,529,TX,2012,2012-03-29
522,528,TX,2012,2012-03-27
521,511,WV,2012,2012-03-26
520,523,MA,2012,2012-03-25
519,947,MO,2012,2012-03-23
518,522,NE,2012,2012-03-21
517,521,FL,2012,2012-03-20
516,517,LA,2012,2012-03-16
515,485,MI,2012,2012-03-16
514,489,TX,2012,2012-03-09
513,509,AL,2012,2012-03-08
512,508,WA,2012,2012-03-04
511,1027,PA,2012,2012-03-02
510,719,WI,2012,2012-02-27
509,504,CA,2012,2012-02-27
508,471,CA,2012,2012-02-25
507,495,WA,2012,2012-02-21
506,498,OR,2012,2012-02-19
505,496,TX,2012,2012-02-16
504,500,AR,2012,2012-02-15
503,484,TX,2012,2012-02-13
502,466,IN,2012,2012-02-11
501,487,AZ,2012,2012-02-07
500,481,CA,2012,2012-02-02
499,486,MA,2012,2012-02-01
498,483,NY,2012,2012-01-27
497,477,TX,2012,2012-01-26
496,474,CA,2012,2012-01-26
495,565,DC,2012,2012-01-25
494,974,KY,2012,2012-01-24
493,456,LA,2012,2012-01-19
492,476,GA,2012,2012-01-18
491,441,NY,2012,2012-01-17
490,472,NY,2012,2012-01-16
489,462,MD,2012,2012-01-15
481,437,KS,2012,2012-01-11
480,465,KY,2012,2012-01-09
479,452,WI,2012,2012-01-04
478,435,MI,2012,2012-01-03
477,460,GA,2012,2012-01-01
476,478,IL,2011,2011-12-31
475,463,TX,2011,2011-12-31
474,443,WA,2011,2011-12-30
473,459,NM,2011,2011-12-29
472,458,PA,2011,2011-12-29
471,450,MI,2011,2011-12-29
470,453,IN,2011,2011-12-22
469,449,CA,2011,2011-12-19
468,446,MN,2011,2011-12-15
467,447,NC,2011,2011-12-13
466,444,CO,2011,2011-12-05
465,439,OK,2011,2011-12-05
464,838,MI,2011,2011-12-01
463,783,LA,2011,2011-12-01
462,431,FL,2011,2011-12-01
461,451,NJ,2011,2011-11-30
460,429,TX,2011,2011-11-30
459,639,MI,2011,2011-11-29
458,445,FL,2011,2011-11-24
457,430,MA,2011,2011-11-23
456,428,WA,2011,2011-11-22
455,427,TN,2011,2011-11-22
454,432,NC,2011,2011-11-15
453,423,NE,2011,2011-11-15
452,433,PA,2011,2011-11-10
451,454,DC,2011,2011-11-01
450,396,TX,2011,2011-10-23
449,414,ND,2011,2011-10-21
448,993,CA,2011,2011-10-18
447,424,GA,2011,2011-10-17
446,413,AL,2011,2011-10-15
445,421,IL,2011,2011-10-12
444,420,PA,2011,2011-10-07
443,419,IN,2011,2011-10-06
442,417,TN,2011,2011-10-06
441,418,FL,2011,2011-10-03
440,797,ND,2011,2011-10-01
439,411,WV,2011,2011-10-01
438,405,FL,2011,2011-09-30
437,383,CA,2011,2011-09-28
436,416,KY,2011,2011-09-25
435,366,TX,2011,2011-09-20
434,401,MI,2011,2011-09-16
433,402,NC,2011,2011-09-14
432,381,MA,2011,2011-09-14
431,409,VA,2011,2011-09-13
430,408,MD,2011,2011-09-11
429,407,PA,2011,2011-09-10
428,399,DC,2011,2011-09-09
427,388,MD,2011,2011-09-09
426,373,PA,2011,2011-09-09
425,371,PA,2011,2011-09-09
424,406,TX,2011,2011-09-08
423,422,IL,2011,2011-09-06
422,410,CA,2011,2011-09-06
421,392,PA,2011,2011-09-06
420,391,PA,2011,2011-09-06
419,415,TX,2011,2011-09-05
418,374,TN,2011,2011-09-04
417,404,OH,2011,2011-09-03
416,403,OH,2011,2011-09-03
415,505,AZ,2011,2011-08-31
414,384,MN,2011,2011-08-28
413,400,NY,2011,2011-08-27
412,398,FL,2011,2011-08-26
411,394,AR,2011,2011-08-24
410,393,MA,2011,2011-08-24
409,380,IN,2011,2011-08-16
408,368,PA,2011,2011-08-15
407,660,TX,2011,2011-08-14
406,354,PA,2011,2011-08-14
405,397,IN,2011,2011-08-12
404,386,MA,2011,2011-08-12
403,367,WA,2011,2011-08-12
402,364,GA,2011,2011-08-11
401,390,FL,2011,2011-08-10
400,382,FL,2011,2011-08-10
399,363,TX,2011,2011-08-09
398,379,MI,2011,2011-08-08
396,1040,NY,2011,2011-08-01
395,527,CT,2011,2011-08-01
394,387,MN,2011,2011-07-28
393,378,NE,2011,2011-07-28
392,377,NE,2011,2011-07-28
391,376,TN,2011,2011-07-28
390,370,TX,2011,2011-07-27
389,357,CA,2011,2011-07-27
388,516,MN,2011,2011-07-25
387,448,MN,2011,2011-07-25
386,385,MN,2011,2011-07-25
385,365,MS,2011,2011-07-21
384,361,WI,2011,2011-07-18
383,389,NM,2011,2011-07-15
382,369,IL,2011,2011-07-14
381,359,IN,2011,2011-07-13
380,358,AR,2011,2011-07-12
379,335,OR,2011,2011-07-08
378,334,TX,2011,2011-07-08
377,346,GA,2011,2011-07-02
376,355,IL,2011,2011-07-01
375,343,WA,2011,2011-07-01
374,482,MN,2011,2011-06-28
373,332,IL,2011,2011-06-28
372,317,LA,2011,2011-06-25
371,352,IL,2011,2011-06-24
370,348,NJ,2011,2011-06-24
369,347,NJ,2011,2011-06-24
368,342,NJ,2011,2011-06-24
367,341,NJ,2011,2011-06-24
366,340,NJ,2011,2011-06-24
365,339,NJ,2011,2011-06-24
364,372,NY,2011,2011-06-23
363,350,TX,2011,2011-06-21
362,337,MA,2011,2011-06-21
360,314,MO,2011,2011-06-14
359,333,KY,2011,2011-06-07
358,322,NY,2011,2011-06-07
357,316,OH,2011,2011-06-03
356,691,FL,2011,2011-06-01
354,344,DE,2011,2011-06-01
353,353,KY,2011,2011-05-23
352,306,CA,2011,2011-05-23
351,320,CA,2011,2011-05-22
350,303,NC,2011,2011-05-18
349,329,VA,2011,2011-05-13
348,395,MO,2011,2011-05-10
347,345,MD,2011,2011-05-09
346,338,IN,2011,2011-05-09
345,328,GA,2011,2011-05-09
344,324,MI,2011,2011-05-09
343,920,CA,2011,2011-05-08
342,313,TN,2011,2011-05-07
341,312,TN,2011,2011-05-07
340,319,CO,2011,2011-05-06
339,1031,NJ,2011,2011-05-01
338,305,SC,2011,2011-04-28
337,318,CA,2011,2011-04-25
336,327,MA,2011,2011-04-17
335,309,CA,2011,2011-04-17
334,295,NY,2011,2011-04-17
333,294,NY,2011,2011-04-17
332,283,TX,2011,2011-04-16
331,307,GA,2011,2011-04-15
330,300,KY,2011,2011-04-14
329,284,MA,2011,2011-04-12
328,627,FL,2011,2011-04-11
327,311,FL,2011,2011-04-11
326,296,MD,2011,2011-04-11
325,268,OK,2011,2011-04-06
324,310,WA,2011,2011-04-04
323,285,IN,2011,2011-04-02
322,282,NH,2011,2011-04-02
321,308,WV,2011,2011-04-01
320,304,AZ,2011,2011-04-01
319,292,CA,2011,2011-04-01
317,299,SC,2011,2011-03-28
316,263,AZ,2011,2011-03-25
315,286,MO,2011,2011-03-24
314,323,AL,2011,2011-03-22
313,301,WA,2011,2011-03-15
312,293,TX,2011,2011-03-15
311,302,OR,2011,2011-03-11
310,261,CA,2011,2011-03-11
309,360,TX,2011,2011-03-10
308,280,IL,2011,2011-03-10
307,279,IL,2011,2011-03-10
306,278,AZ,2011,2011-03-10
305,277,IL,2011,2011-03-10
304,276,IL,2011,2011-03-10
301,771,CA,2011,2011-03-01
300,331,TN,2011,2011-03-01
299,264,AZ,2011,2011-03-01
298,274,WY,2011,2011-02-23
297,260,CA,2011,2011-02-23
296,272,MN,2011,2011-02-19
295,267,MO,2011,2011-02-18
294,275,NC,2011,2011-02-16
293,269,SC,2011,2011-02-16
292,265,CT,2011,2011-02-14
291,434,IN,2011,2011-02-10
290,245,WV,2011,2011-02-08
289,351,IL,2011,2011-02-05
288,258,AL,2011,2011-02-03
287,490,CA,2011,2011-02-01
286,273,WI,2011,2011-02-01
284,248,MI,2011,2011-01-31
283,257,NY,2011,2011-01-27
282,244,IL,2011,2011-01-26
281,270,CA,2011,2011-01-21
280,253,KY,2011,2011-01-19
279,290,AZ,2011,2011-01-17
278,266,OK,2011,2011-01-13
277,238,KY,2011,2011-01-12
276,255,MO,2011,2011-01-10
275,239,MT,2011,2011-01-08
274,240,WA,2011,2011-01-07
273,330,CA,2011,2011-01-01
272,315,AZ,2011,2011-01-01
271,291,FL,2011,2011-01-01
270,230,MI,2010,2010-12-28
269,256,TX,2010,2010-12-23
268,242,NY,2010,2010-12-23
267,224,FL,2010,2010-12-19
266,237,CO,2010,2010-12-13
265,241,MO,2010,2010-12-11
264,243,CA,2010,2010-12-10
263,236,TN,2010,2010-12-04
262,235,TX,2010,2010-12-02
261,232,TN,2010,2010-11-27
260,213,WI,2010,2010-11-25
259,254,OK,2010,2010-11-24
258,234,TX,2010,2010-11-24
257,233,WA,2010,2010-11-23
256,228,WA,2010,2010-11-18
255,298,MI,2010,2010-11-17
254,219,AL,2010,2010-11-17
253,226,IN,2010,2010-11-12
252,223,NH,2010,2010-11-12
251,225,VA,2010,2010-11-11
250,212,CA,2010,2010-11-11
248,229,SC,2010,2010-11-08
247,210,WI,2010,2010-11-08
246,214,IN,2010,2010-11-04
245,216,PA,2010,2010-11-03
244,215,MN,2010,2010-11-01
243,209,IL,2010,2010-11-01
242,221,FL,2010,2010-10-28
241,259,WV,2010,2010-10-26
240,218,MD,2010,2010-10-25
239,201,PA,2010,2010-10-21
238,195,MO,2010,2010-10-17
237,251,FL,2010,2010-10-16
236,186,CA,2010,2010-10-16
235,205,TX,2010,2010-10-15
234,199,CA,2010,2010-10-14
233,246,AZ,2010,2010-10-13
232,231,SC,2010,2010-10-13
231,184,AR,2010,2010-10-12
230,200,OK,2010,2010-10-08
229,281,OH,2010,2010-10-01
228,191,CT,2010,2010-09-30
227,252,MA,2010,2010-09-29
226,208,MD,2010,2010-09-29
225,287,PA,2010,2010-09-28
224,204,LA,2010,2010-09-27
223,196,MI,2010,2010-09-24
222,220,PA,2010,2010-09-20
221,179,KY,2010,2010-09-18
220,189,MS,2010,2010-09-16
219,161,IN,2010,2010-09-15
218,193,NY,2010,2010-09-14
217,192,NE,2010,2010-09-13
216,194,IN,2010,2010-09-11
214,356,CA,2010,2010-09-09
213,188,CT,2010,2010-09-09
211,165,NY,2010,2010-09-06
210,183,WA,2010,2010-09-04
208,202,NY,2010,2010-08-22
207,163,KS,2010,2010-08-20
206,177,NY,2010,2010-08-17
205,175,CA,2010,2010-08-17
204,155,DE,2010,2010-08-16
203,181,TX,2010,2010-08-11
202,173,IL,2010,2010-08-10
201,178,TX,2010,2010-08-05
200,171,CA,2010,2010-08-05
199,249,NY,2010,2010-08-03
198,158,NV,2010,2010-08-02
197,154,NY,2010,2010-08-02
196,170,CA,2010,2010-07-31
195,166,OH,2010,2010-07-29
194,162,CA,2010,2010-07-29
193,174,OK,2010,2010-07-28
192,145,CT,2010,2010-07-28
191,197,FL,2010,2010-07-27
190,176,MA,2010,2010-07-26
189,169,MA,2010,2010-07-26
188,150,MA,2010,2010-07-26
187,168,IN,2010,2010-07-25
186,143,WA,2010,2010-07-16
185,137,KY,2010,2010-07-16
184,144,TN,2010,2010-07-15
183,159,RI,2010,2010-07-13
182,156,VA,2010,2010-07-12
181,326,GA,2010,2010-07-11
180,160,IA,2010,2010-07-11
179,164,MN,2010,2010-07-08
178,148,OR,2010,2010-07-05
177,172,NY,2010,2010-07-01
176,134,TX,2010,2010-06-29
175,124,TX,2010,2010-06-27
174,149,NM,2010,2010-06-26
173,250,CO,2010,2010-06-25
172,125,KY,2010,2010-06-25
171,127,NC,2010,2010-06-24
170,116,IL,2010,2010-06-24
169,146,KY,2010,2010-06-18
168,114,VA,2010,2010-06-18
167,180,MD,2010,2010-06-15
166,139,PA,2010,2010-06-14
165,142,CA,2010,2010-06-13
164,121,OH,2010,2010-06-13
163,131,OH,2010,2010-06-11
162,103,NV,2010,2010-06-11
161,120,NY,2010,2010-06-09
160,138,MO,2010,2010-06-07
159,133,OH,2010,2010-06-07
158,135,IL,2010,2010-06-05
157,132,PA,2010,2010-06-04
156,136,MA,2010,2010-06-03
155,147,IL,2010,2010-05-30
154,101,TX,2010,2010-05-29
153,119,DC,2010,2010-05-26
152,106,CA,2010,2010-05-25
151,111,FL,2010,2010-05-24
150,118,NY,2010,2010-05-22
149,109,NY,2010,2010-05-21
148,113,CO,2010,2010-05-17
147,105,AZ,2010,2010-05-15
146,130,TX,2010,2010-05-13
145,129,TX,2010,2010-05-13
144,91,KS,2010,2010-05-12
143,112,NM,2010,2010-05-11
142,152,NJ,2010,2010-05-10
141,151,NJ,2010,2010-05-10
140,84,SC,2010,2010-05-09
139,110,NY,2010,2010-05-08
138,102,GA,2010,2010-05-07
136,88,TX,2010,2010-05-04
135,104,MD,2010,2010-05-03
134,95,MI,2010,2010-05-02
133,107,TN,2010,2010-05-01
132,100,NY,2010,2010-04-30
131,108,CA,2010,2010-04-29
130,99,OH,2010,2010-04-22
129,82,DC,2010,2010-04-22
128,97,TN,2010,2010-04-19
127,85,NY,2010,2010-04-19
126,89,IL,2010,2010-04-12
125,227,TX,2010,2010-04-07
124,81,CA,2010,2010-04-04
123,153,NY,2010,2010-04-03
122,78,TX,2010,2010-04-03
121,80,CA,2010,2010-04-02
120,217,KY,2010,2010-03-31
119,141,ID,2010,2010-03-29
118,128,MI,2010,2010-03-29
117,123,CT,2010,2010-03-29
116,90,OH,2010,2010-03-27
115,79,DC,2010,2010-03-26
114,94,NY,2010,2010-03-24
113,70,KY,2010,2010-03-24
112,1036,OR,2010,2010-03-23
111,98,TN,2010,2010-03-20
110,83,NM,2010,2010-03-20
109,64,WI,2010,2010-03-19
108,61,NE,2010,2010-03-19
106,74,VA,2010,2010-03-12
105,57,PA,2010,2010-03-11
104,52,FL,2010,2010-03-09
103,69,CA,2010,2010-03-06
102,54,AL,2010,2010-03-06
101,72,MN,2010,2010-03-02
100,182,UT,2010,2010-03-01
99,75,IL,2010,2010-02-27
98,117,MA,2010,2010-02-26
97,49,TX,2010,2010-02-20
96,48,NY,2010,2010-02-20
95,66,MA,2010,2010-02-19
94,65,CT,2010,2010-02-18
93,56,AZ,2010,2010-02-18
92,68,SC,2010,2010-02-17
91,47,NC,2010,2010-02-15
90,51,WA,2010,2010-02-12
89,62,TX,2010,2010-02-10
88,55,TX,2010,2010-02-09
87,41,NM,2010,2010-02-08
86,71,TN,2010,2010-02-05
85,60,CA,2010,2010-02-04
84,58,MI,2010,2010-02-04
83,53,CT,2010,2010-02-04
80,87,NC,2010,2010-02-03
79,115,NC,2010,2010-02-01
78,50,FL,2010,2010-01-29
77,46,WI,2010,2010-01-29
76,44,FL,2010,2010-01-27
75,93,MN,2010,2010-01-26
74,77,FL,2010,2010-01-19
73,76,CO,2010,2010-01-19
72,29,TX,2010,2010-01-18
71,31,IL,2010,2010-01-13
70,40,CA,2010,2010-01-11
69,59,IL,2010,2010-01-10
68,27,MO,2010,2010-01-10
67,198,NJ,2010,2010-01-01
66,42,CA,2009,2009-12-30
65,32,UT,2009,2009-12-27
64,39,TN,2009,2009-12-23
63,67,RI,2009,2009-12-20
62,38,FL,2009,2009-12-19
61,34,AZ,2009,2009-12-15
60,24,MI,2009,2009-12-15
59,35,RI,2009,2009-12-11
58,18,MA,2009,2009-12-11
57,92,FL,2009,2009-12-10
56,23,IL,2009,2009-12-09
55,14,NC,2009,2009-12-08
54,45,WY,2009,2009-12-02
53,22,CA,2009,2009-12-01
52,30,CA,2009,2009-11-30
51,16,MI,2009,2009-11-26
50,63,NY,2009,2009-11-24
49,28,IL,2009,2009-11-24
48,26,TX,2009,2009-11-19
47,25,TX,2009,2009-11-19
46,12,NY,2009,2009-11-12
45,19,MA,2009,2009-11-10
44,126,IN,2009,2009-11-03
43,336,CA,2009,2009-11-01
42,33,NV,2009,2009-10-31
41,13,CA,2009,2009-10-31
40,20,DC,2009,2009-10-26
39,15,MI,2009,2009-10-22
38,10,PA,2009,2009-10-20
37,0,TX,2009,2009-10-16
35,11,TN,2009,2009-10-11
34,3,DC,2009,2009-10-09
33,21,DC,2009,2009-10-07
32,43,CO,2009,2009-10-04
31,185,TN,2009,2009-10-02
30,73,TX,2009,2009-09-30
29,9,CA,2009,2009-09-27
28,8,CA,2009,2009-09-27
27,7,CA,2009,2009-09-27
26,6,CA,2009,2009-09-27
25,5,CA,2009,2009-09-27
24,4,CA,2009,2009-09-27
23,850,NY,2009,2009-09-23
22,849,NY,2009,2009-09-23
21,426,CA,2009,2009-09-23
20,203,TN,2009,2009-09-23
19,17,CA,2009,2009-09-22
18,1,MO,2009,2009-09-22
17,157,MN,2009,2009-07-15
16,122,TX,2009,2009-02-19
15,86,NE,2009,2009-01-11
14,963,IA,2008,2008-12-01
11,321,FL,2008,2008-10-01
10,207,PA,2008,2008-10-01
9,96,KY,2008,2008-10-01
8,978,MN,2008,2008-01-07
7,977,MN,2008,2008-01-07
6,976,MN,2008,2008-01-07
5,975,MN,2008,2008-01-07
4,222,OH,2008,2008-01-01
3,271,AZ,2004,2004-05-01
2,211,OH,2003,2003-03-29
1,1029,MA,2002,2002-05-06
0,140,NC,1997,1997-01-01
